{ "user_lists": 
   [{
        "id": 1,
        "name": "Mani",
        "email": "Mani@gmail.com"
    },
    {
        "id": 2,
        "name": "Terry",
        "email": "Terry@gmail.com"
    },
    {
        "id": 3,
        "name": "yahoo",
        "email": "yahoo@gmail.com"
    },
    {
        "id": 4,
        "name": "google",
        "email": "google@gmail.com"
    },
    {
        "id": 5,
        "name": "abc",
        "email": "aabc@gmail.com"
    },{
        "id": 5,
        "name": "Mani1",
        "email": "Mani@gmail.com"
    },
    {
        "id": 6,
        "name": "Terry1",
        "email": "Terry@gmail.com"
    },
    {
        "id": 7,
        "name": "yahoodsffsdfssdfdsfsdfsd",
        "email": "yahoo@gmail.com"
    },
    {
        "id": 7,
        "name": "googlsdfdsfe",
        "email": "google@gmail.com"
    },
    {
        "id": 8,
        "name": "abc",
        "email": "aabc@gmail.com"
    },
	{
        "id": 9,
        "name": "Mani",
        "email": "Mani@gmail.com"
    },
    {
        "id": 11,
        "name": "Terry",
        "email": "Terry@gmail.com"
    },
    {
        "id": 12,
        "name": "yahoo",
        "email": "yahoo@gmail.com"
    },
    {
        "id": 13,
        "name": "google",
        "email": "google@gmail.com"
    },
    {
        "id": 13,
        "name": "abc",
        "email": "aabc@gmail.com"
    },{
        "id": 1,
        "name": "Mani",
        "email": "Mani@gmail.com"
    },
    {
        "id": 2,
        "name": "Terry",
        "email": "Terry@gmail.com"
    },
    {
        "id": 3,
        "name": "yahoo",
        "email": "yahoo@gmail.com"
    },
    {
        "id": 4,
        "name": "google",
        "email": "google@gmail.com"
    },
    {
        "id": 5,
        "name": "abc",
        "email": "aabc@gmail.com"
    }]
}